supplierID,ProgramName,ProgramType,Start Date,End Date,WhoCanParticipate (All Builders)
2000,Roofing/Siding,Volume,1/1/2021,12/31/2021,x
2002,Carpet/Hard Surface,Factory,1/1/2021,12/31/2021,x
2003,Bath Fixtures,Factory,1/1/2021,12/31/2022,x
2004,Water Heaters,Factory,1/1/2019,12/31/2021,x
2006,Doors/Trim/Windows,Volume,1/1/2019,12/31/2021,x
2007,Garage Doors/Openers,Factory,1/1/2021,12/31/2021,x
2009,Panels/Outlets,Factory,1/1/2018,12/31/2021,x
2010,Bath Fixtures,Factory,1/1/2021,12/31/2021,x
2011,Plumbing,Volume,1/1/2021,12/31/2021,x
2013,Mirrors/Shower Doors,Factory,1/1/2021,12/31/2021,x
2014,Gypsum,Factory,1/1/2021,12/31/2021,x
2019,Lighting Fixtures,Volume,1/1/2020,12/31/2023,x
2020,Door Hardware,Factory,1/1/2021,12/31/2021,x
2021,Trim/Siding/Engineered Wood Products,Factory,1/1/2021,12/31/2021,x
2022,Doors,Volume,1/1/2021,12/31/2021,x
2025,Paint,Volume,1/1/2021,12/31/2021,x
2026,Storage/Closets,Factory,1/1/2021,12/31/2023,x
2027,Housewrap,Factory,1/1/2018,12/31/2021,x
2029,Storage/Closets,Factory,1/1/2021,12/31/2022,x
2032,Plumbing Accessories,Factory,1/1/2021,12/31/2021,x
2034,Decking,Factory,1/1/2021,12/31/2021,x
2036,Cabinets & Fireplaces,Volume,2/28/2021,3/1/2022,x
2037,Roofing/Siding,Volume,1/1/2021,12/31/2021,x
2038,Lumber/Trusses,Volume,1/1/2021,12/31/2021,x
2079,Housewrap,Factory,1/1/2021,12/31/2021,x
2085,Cabinets,Factory,1/1/2021,12/31/2021,x
2086,Appliances,Volume,1/1/2021,12/31/2021,x
2087,Carpet/Hard Surface,Factory,1/1/2021,12/31/2023,x
2089,Bath Faucets,Factory,1/1/2020,12/31/2023,x
2091,Paint,Volume,1/1/2021,12/31/2022,x
2094,Doors/Windows,Volume,1/1/2021,12/31/2021,x
2096,Fireplaces,Factory,1/1/2021,12/31/2021,x
2101,Venting,Factory,1/1/2021,12/31/2021,x
2105,Stone,Volume,1/1/2021,12/31/2021,x
2109,Siding,Volume,1/1/2021,12/31/2021,x
2112,Housewrap,Volume,,,x
2114,Bath Fans,Factory,1/1/2017,12/31/2022,x
2115,Steel Connectors/ Fastners,Factory,1/1/2019,12/31/2021,x
2118,Stone/Trim,Factory,1/1/2021,12/31/2021,x
2119,Roofing/Windows/Siding,Volume,1/1/2021,12/31/2021,x
2122,Roofing/Siding,Volume,1/1/2021,12/31/2021,x
2123,Thermostat,Factory,1/1/2021,12/31/2022,x
2124,Cementious Siding,Factory,1/1/2021,12/31/2022,x
2126,Gypsum,Factory,1/1/2021,12/31/2021,x
2128,Sump Pumps,Factory,1/1/2021,12/31/2022,x
2129,HVAC,Factory,1/1/2019,12/31/2021,x
2134,Plumbing Accessories,Factory,1/1/2019,12/31/2022,x
2135,Low-Voltage Products,Factory,1/1/2021,12/31/2022,x
2136,Disposal,Factory,1/1/2020,12/31/2021,x
2138,Low-Voltage Products,Volume,9/1/2020,9/30/2021,x
2139,Mystery Shopper,Factory,1/1/2021,12/31/2021,x
2140,Hardwood,Factory,1/1/2021,12/31/2023,x
2141,Financial Lending Services,Volume,1/1/2021,12/31/2021,x
2142,Ceramic Tile,Volume,1/1/2021,12/31/2021,x
2144,Sales Training,Volume,1/1/2021,12/31/2021,x
2145,Foam Insulation,Factory,2/1/2021,1/31/2023,x
2146,Low-Voltage Products,Volume,1/1/2021,12/31/2021,x
2147,Railing/Fencing,Volume,1/1/2021,12/31/2021,x
